Title,Type(s),עיתון,חשוב,הערות,כלל-פרט (נקודתי),כלל-פרט (כללי)
"אנשי ""היום שאחרי"" הם אנשי האתמול",Ultra-Nationalism,ynet,!!!,,"  • בפועל, שאלת ""היום שאחרי"" לא הייתה רלוונטית כל עוד חמאס בשלטון. למעט מחשבה נגועת קונספציה, אין שום היגיון בדיונים על היום שאחרי כשחמאס עדיין שולט בעזה. כל דיון כזה הוא בגדר חשיפת התוכניות הישראליות לאויב.
  • עד כדי כך היו נואשים מעצבי דעה ישראלים, עיתונאים ובכירים בצה""ל לחזור ולהתחפר בקונספציות העבר.
  • אנשי ""היום שאחרי"" רצו להשאיר את ישראל בעבר המדמם, בבוץ העזתי, להשאיר את עזה בקונסטלציה דומה ולשמר את הסכסוך ולכן הם אנשי האתמול. 
  • אנשי האתמול הם שהלכו יד ביד עם מדיניות ממשל ביידן שמנע מישראל חימוש והמשיך את העברת הסיוע ההומניטרי לחמאס בעזה.
  • טוב שאזרחי ישראל לא נפלו בפח התודעתי של אנשי האתמול. הם ידעו שההפחדות של גלנט בדבר היום שאחרי אינן מציאותיות. שהדרישה של בכירי צה""ל לעסוק בסוגיה מדינית אינה ראויה. באינטואיציה בריאה והיגיון נקי משגיונות העבר הם ידעו ששווה לחכות לשיגעון אחר - ""השיגעון"" של האיש שכבר הפך את החלומות המטורפים ביותר למציאות.
  • ","  •  אחד לא יודע איך ייראה כיבוש אמריקני של עזה וכיצד בדיוק ייראה הסיוע ההומניטרי האמריקני לעזתים שיהגרו לחיים טובים יותר במקום אחר - סיוע ראוי יותר מהמשאיות שנכנסו לעזה ונבזזו על-ידי חמאס ומיליציות אחרות.
  • ישראל הייתה יכולה לפספס הזדמנות פז היסטורית לשינוי המזרח התיכון. תיקון עוולות ההיסטוריה כמו אוסלו, ההתנתקות, טיפוח חמאס והדבר הגדול ביותר: הטעות שאנחנו עשינו לאורך השנים כשטיפחנו את הנרטיב הפלסטיני ואת הקשר השקרי לאדמה וצדקת המאבק שלהם.
  • אומנם אין לדעת מה יהיה, אבל אפשר לקבוע בוודאות שאנשי האתמול תמיד טעו. מזל שהם לא חלק מעיצוב היום שאחרי שכל כך רצו בו."
עסקת החטופים: בין הלב להיגיון,Ultra-Nationalism,ישראל היום,!!!,,"  • הדילמה מעמתת שתי גישות מנוגדות: מצד אחד, הרצון העז להשיב את היקירים הביתה, ומצד שני, האחריות להגן על ביטחון הציבור כולו. בעוד קולות רבים קוראים להקשיב לזעקת המשפחות, אחרים מזהירים מפני קבלת החלטות המונעת מרגש בלבד.
  • עסקת שליט היא דוגמה מובהקת לכך. הקמפיין ""הילד של כולנו"" יצר לחץ ציבורי אדיר, ומדינה שלמה שמחה עם חזרתו של גלעד. אך תמורתו שוחררו 1,027 אסירים, וביניהם סינוואר שהוביל את הטבח ב-7 באוקטובר. המיקוד בגורלו של אדם אחד הסיט את המבט מהסכנה העתידית לחיי רבים.
  • [העסקה הנוכחית] כוללת שחרור נרחב של מחבלים תמורת כל חטוף, מפקירה חלק מהחטופים, ומשאירה את החמאס עם קלף מיקוח משמעותי. יש לכך משמעות אחת: מדובר בעסקה בלתי רציונלית המושפעת מהרגש החווה את מצוקת החטופים, ומתעלמת מהנזק שיפקוד את מדינת ישראל בעתיד. ממילא זו עסקה בלתי מוסרית.","  • חטופים שבים לחיק הוריהם - איך אפשר שלא להיות בעד, לשמוח ולהתרגש? מחבלים שטבחו ואנסו משתחררים ומסכנים את שלום הציבור – איך אפשר שלא להתנגד ולחשוש? בעד או נגד – איך מכריעים בדילמה המוסרית?
  • האמפתיה שמה ""זרקור המופנה לעבר אנשים מסוימים כאן ועכשיו"", ולכן היא גורמת לדאגה ליחיד על פני טובת הציבור.
  • לפי פרופ' בלום אנחנו צריכים לנהוג ב""חמלה רציונלית"", בה האדם מרגיש בקושי הזולת, אך לא באופן בו שיקול דעתו נפגע.
  • נתניהו עצמו כתב בספרו 'מקום תחת השמש' (בעקבות עסקת ג'יבריל): ""אולי היתה כאן הצלה של נפשות אחדות בישראל, אלא שלי ברור שהדבר נעשה במחיר הרבה נפשות שנידונו למוות בגלל החלטה זו... מדינה חייבת לכלכל את צעדיה קודם כל לטובת הכלל""
  • אך כיום, במקום לעמוד בלחצים ולדרוש את המחיר הכבד של שחרור החטופים מהחמאס ותושבי רצועת עזה התומכים בו, הוא מוביל להסכם שמשאיר את חמאס על כנו ומקרב את הטבח הבא.
  • מתנגדי העסקה הנוכחית, שביניהם גם משפחות חטופים, אינם חסרי רגישות. להפך - הם מבקשים להרחיב את המבט מרגישות נקודתית לרגישות חברתית רחבה יותר: רגישות ששמה לנגד עיניה את העתיד ולא רק את ההווה, את הכלל ולא רק את הפרט. כך הכרחי לנהל מדינה.
  • "
"ידיו הארוכות, מוחו הקטן",Ultra-Nationalism,ערוץ 7,!!,,"  • ליל שבת קודש, פרשת שמות, מאהל הגבורה, ירושלים. בחוץ, על המדרכה, עשרות ארונות קבורה מקרטון, מכוסים בדגלי ישראל. מיצג מצמרר שהוצב כאן באמצע השבוע בניסיון נואש להעלות לסדר היום את מחיר העסקה המופקרת. אבל זה חסר סיכוי. מה הם כמה ארונות קבורה מקרטון, או אפילו ארונות קבורה אמיתיים בהר הרצל, שלא נדע, מול תקשורת שבמשך שעות על גבי שעות משדרת אושר. רק אושר.
  • וד נעסוק בתקשורת ובדרך שהיא מספרת את סיפור העסקה. אבל בינתיים נחזור פנימה, לתוך האוהל החם, המלא עד אפס מקום במתפללים. בין קבלת שבת לערבית מדבר הרב ניסן לישה, אביו המרשים של דביר הי""ד, לוחם גולני, שנפל בקרב גבורה מול מחבלים שבאו מכיוון חוף זיקים בבוקר שמחת תורה.
  • כשקמפיינרים פוליטיים, ואיתם כל התקשורת, עוטפים בציניות את העסקה המופקרת הזאת, במילים כמו ""גבורה"", ""אומץ"", ""ניצחון"", ועוד כמה ביטויים שהם בדיוק ההפך מהמציאות שאליה הובלנו – אסור לשתוק. האושר הזה יעלה לנו בדם רב, חלילה.
  • הדילמה לא מנוסחת נכון: זה לא נקמה מול הצלת חיים, אלא הצלת חיים של מעטים, של מעטות, מול מוות, חלילה, של רבים. 
  • ","  • אפשר לעצור כאן, ואפשר ללכת עוד כמה שנים אחורה, אל הגירוש של דביר [הי""ד, לוחם גולני, שנפל בקרב גבורה מול מחבלים] הקטן ומשפחתו מגוש קטיף. הנה לכם תמצית הסיפור לוועדת החקירה.
  • לא באתי למאהל הגבורה כדי להיזכר שמדינת ישראל לא לומדת לקח ממעשי האיוולת של עצמה. בשביל זה לא צריך לצעוד עד לכאן, אפשר לפתוח את העיתון. 
  • אומר המדרש: ""אף על פי שמת יוסף ואחיו – אלוקיהם לא מת"". החפץ חיים מת, אמר ר' ירוחם בהספד ההוא, אבל מי שברא אותו לא מת. הוא איתנו. ""גם כשיש מצבים קשים"", אומר הרב אליהו אחרי כל מה שהוא ומשפחתו עברו, ""יוסף מת, ראשי השבטים מתים, החפץ חיים מת... בכל זאת בורא עולם קיים ובני ישראל ממשיכים בדרך לגאולתם. אנחנו נתחזק. פעלנו ועוררנו מתחילת המלחמה וגם השבוע. בשמיים הכול נרשם, שום דבר לא היה לשווא, וכל פעולה קטנה תביא ברכה גדולה לעם ישראל"".
  • הדיבורים ששמעתי בפנים היו באמת מחזקים ומעודדים. אבל בעצם, רוב עם ישראל לא צריך בכלל את העידוד הזה, כי מבחינתו, מה שקורה ברגעים אלה ממש, מרחק כמה מאות מטרים מכאן, ישיבת הממשלה שמאשרת את העסקה, הוא דבר משמח. אומנם משחררים רוצחים, אומנם עוצרים את המלחמה, ומי יודע בכמה הרוגים זה יעלה לנו חלילה, אבל ביום ראשון ישתחררו שלוש חטופות. איזה יופי.
  • מי יכול לא להתרגש ממראות כאלה של שלוש צעירות גיבורות שיוצאות בחיים מתוך התופת, ומתאחדות עם משפחותיהן ועם החיים?
  • לא תמיד משדרים באולפני החדשות רק תבהלה, לפעמים משדרים שם תקווה ושמחה ורגש. המון המון רגש. רק שתמיד זה בכיוון ההפוך מהמציאות. כשצריך לשמוח - הם עצובים ומדוכאים, כשאסור לאבד תקווה - הם מייאשים, וכשצריך לחשוש ולזעוק – הם חוגגים. אולי צריך לקרוא להם ""ערוצי האשליה"". כמה אשליה מכרו לנו שם במשך עשרות שנים, ממדשאות הבית הלבן עם היונים הלבנות בימי אוסלו ועד ההתנתקות. וכמה אשליה מכרו לנו שם השבוע.
  • הרי בין המחבלים שכבר שוחררו, ושעוד ישוחררו בשבועות הקרובים, יש רבים ורעים עם יכולות ארגון מוכחות לרצח וחטיפת יהודים. והמוטיבציה שהייתה להם עד היום היא כלום לעומת מה שהם חשים אחרי ההצלחה של ה־7 באוקטובר ואחרי שהורידו את ישראל על הברכיים בעסקת החטופים.
  • יהיו כאלה שיאמרו, בחישוב הכללי של מחבל שישב עשרות שנים בכלא, מול הערך של הצלת חיי החטוף, הערך השני גובר. נניח. אבל הרוצחים שמשתחררים בימים אלה בעסקה הם עם דם טרי על הידיים. הם ישבו שנים ספורות מאוד בכלא. ושוב, המשמעות של שחרור מחבלים כאלה, עם פז""ם כה צעיר, היא לא רק פגיעה בערך הנקמה (החשוב!), אלא בראש ובראשונה פגיעה בערך ההרתעה. 
  • ואחרי שאמרתי את זה, ברור לי שכדי שנתניהו אכן ילך לכיוון הנכון, חשובה המחאה שלנו.  ביבי צריך עכשיו ימין חזק
  • ייתכן מאוד שהוא הלך על העסקה הזאת לא בגלל הפגנות השמאל הסוערות אלא דווקא בגלל ההיסחפות הימנית־דתית בחודשים האחרונים לקמפיין הצהוב והמרגש, שאמר, בלי שמשתתפיו שמו לב, ""עכשיו, בכל מחיר!"".
  • והאמת? זה כבר ממש מייאש. הקמפיין הפוליטי משמאל שנועד לסיים את המלחמה בטרם ניצחון, ולהפיל את הממשלה בטרם ניצחון, בסופו של דבר הצליח לבלבל חלקים נרחבים בימין."
לשבור את קשר השתיקה: מחיר הדמים של עסקת חטופים,Ultra-Nationalism,ישראל היום,!,,"  • מציאת איזון בין שני מאזנים: ""מאזן האימה של המשפחות החרדות לגורל יקיריהן, ומאזן האומה, שמירה על חייהם של כלל אזרחי המדינה ומניעת אפשרות של חטיפות ורציחות נוספות לאחר שארגון הטרור יקבל פרס על טבח שמחת תורה"".
  • ","  • ניתן לבחור גם בדרך שלישית: להבין שמדובר בעסקה רעה, שייתכן ואין מנוס ממנה, אך במקביל, לשבור סוף סוף את חומות השתיקה התקשורתית שנבנו סביב מחיריה הנוראיים, הדומות להחריד לקשר השתיקה שהשתררה כאן ערב עסקת שליט, שהביאה עלינו נהרות של דם ואש.
  • לתהות בקול, מדוע השיח על מחיר העסקה עוסק לאורך חודשים רק בפילדלפי ובציר נצרים או בחזרת העזתים לצפון הרצועה ובסיום המלחמה, אבל שחרור מאות רבות של מחבלים, מאות ""סינווארים"" בפוטנציה, כלל אינו חלק מהשיח, ומתקבל כעובדה מוגמרת וכגזירת גורל מובנת מאליה, שאיתה ""כבר נתמודד"" ונכיל.
  • להטיל ספק בהערכת שב""כ וצה""ל, שיידעו להתמודד עם המחבלים המשוחררים. ערב עסקת שליט, הם חתמו על שטר זהה, וטעו בקריאת המציאות שלהם. 
  • להזכיר, כי מאז 1985 ישראל שחררה אלפי מחבלים במסגרת עסקות, מחוות, או מתווים מדיניים, וכחצי מהם! שבו לעסוק בטרור ולרצוח יהודים. מאות נרצחו או נפצעו מידי המחבלים הללו הרבה לפני טבח שמחת תורה. לזכור שהמחבלים המשוחררים בעסקת ג'יבריל בקיץ 1985 הפכו לשדרה המרכזית של האינתיפאדה הראשונה שבה נרצחו 165 ישראלים; שכמחצית מהטרוריסטים ששוחררו בעקבות הסכמי אוסלו השתלבו במנגנוני הטרור הפלשתיניים ורבים מהם השתתפו באינתיפאדה השנייה שבה נרצחו 1,178 ישראלים; שמשוחררי עסקת שליט בנו את עיר הטרור הגדולה בעולם, עזה, והביאו עלינו את טבח 7 באוקטובר. לשאול, לאן יביאו אותנו משוחררי עסקת החטופים 2025?
  • לפרסם מידע חדשותי, שבמקום לחרוך את הרשתות, נדחק והודחק, על בכירי צה""ל ושב""כ שהודו בישיבת הקבינט הבטחוני־מדיני כי נחשול המחבלים המשוחררים, שיציף את שטחי יו""ש ועזה יהיה בבחינת קטסטרופה.
  • כל כניעה דומה בעבר מול טרור שחטף את אנשינו, הולידה את מבצע החטיפה הבא, ולימדה את חמאס ודומיו שאין משתלם מטרור החטיפות.
  • לפני כחצי שנה הבאתי כאן מדבריהן של הדס מזרחי, אלמנתו של ברוך, ושל דבורה גונן, אמו השכולה של דני. שניהם נרצחו על ידי משוחררי עסקת שליט. מזרחי דיברה אז על החלפת דם החטופים בדם הנרצחים בעתיד. גונן, ציינה שההבדל בין החטופים לבין הדור הבא של הקורבנות שיירצחו בידי משוחררי העסקה הקרבה, הוא שלחטופים יש פנים ושמות, ולנרצחים הבאים עדיין אין, בעוד שלדור הקודם של הנרצחים, שמשוחררי העסקות הקודמות רצחו, יש גם פנים וגם שמות.
  • "
עסקת החטופים המסתמנת במבט מפוכח,Ultra-Nationalism,ערוץ 7,!,לא רלוונטי לכלל-פרט,,
הניצחון המוחלט? הכישלון המוחלט,Ultra-Nationalism,ynet,,לא רלוונטי לכלל-פרט,,"  • ישראל נכשלה. ראש הממשלה ושריו יכולים לפזר הצהרות לוחמניות, אבל אלו הן לא יותר מאשר השורות שכתב דני סנדרסון: ""מילים יפות ללא כיסוי והבטחות ללא גיבוי""."
"איל זמיר אינו ראוי להיות רמטכ""ל",Ultra-Nationalism,ערוץ 7,,,,"  • כלומר המושג טוהר הנשק במקורו כוון להימנעות מפעולה שמטרתה פגיעה מכוונת באזרחים. בין אם הם באמת חפים מפשע ובין אם הם רק בלתי מעורבים. אולם, ""טוהר הנשק"" כפי שהוא מפורש ומוטמע היום בצה""ל הוא ענין שונה לגמרי.
  • טוהר הנשק הנהוג היום בצה""ל בנוי על תפיסותיו של פרופ' מיכאל וולצר בספרו Just and Unjust Wars - מלחמות צודקות ולא צודקות. לדעתו אנשי הצבא מחויבים לשלומם של אזרחי האויב בדרגה די קרובה שהם מחוייבים לשלומם של אזרחיהם.
  • הצבא הוא מעין גוף ניטרלי המגן על אזרחים באשר הם. הצבא בתפיסתו אינו גוף לאומי שמטרתו הגנה על אזרחיו בלבד. מבחינת וולצר אין לצבא אחריות מוסרית כלפי ההורים הנשים והילדים ששלחו את בניהם, את הוריהם, את בעליהן, לקרב.  לטעמי, רק יהודי התלוש מלאומיות ומשורשיות לאומית מסוגל להפעיל תבנית חשיבה כזו.
  • הרמטכ""ל לשעבר, בני גנץ, התגאה שסיכן את חיילי גולני שפעלו בשכונת סג'עיה שבעיר עזה כדי להימנע מפגיעה באזרחים. כאשר הותקף על כך ענה: מה התפקיד של הצבא? לשמור על האזרחים ולקחת על עצמו סיכון.  גנץ לא מבדיל בין ההורים, האחים, האחיות, הנשים, הילדים, של חיילי גולני לבין הורי המחבלים הערבים. מבחינתו, כולם כאחד אותם אזרחים שהצבא לוקח על עצמו סיכון כדי להגן עליהם.
  • הרצל [הרצי הלוי] לא מבדיל בין אחריותו כלפי אימהותיהן של חילי צה""ל ששלחו את ילדיהן להיות תחת אחריותו לבין אחריותו לחיי האויב. כולם מבחינתו אותם אזרחים.
  • המאמר [של האלוף אייל זמיר, שבזמן כתיבת השורות הללו מועמד לרמטכ""ל] כולו עוסק אך ורק בצורך לשמור על חיי אזרחי האויב ולפגוע בהם במידה המינימאלית. אין שום התייחסות לשאלה הקריטית מה דינו של מפקד שסיכן את חייליו על מנת שלא לפגוע באויב והסיכון התממש וחיילים נפצעו ונפלו בגללו.
  • וכפי שאמר אב שכול – בעיני המפקדים כל הערבים חפים מפשע. היחיד שאינו חף מפשע בעיניהם הוא אני.
  • מן הראוי להרים סוף סוף את הכפפה שהטיל לפנינו וולצר ולמנות מפקדים הראויים לכך לפי העקרונות שקבע בן גוריון ולפי עקרונות ההגות הדתית היהודית."
הצטרפות להצלחה לעוצמה ולגדולה,Ultra-Nationalism,ערוץ 7,,לא רלוונטי לכלל-פרט,,
ראש בקיר,Ultra-Nationalism,ערוץ 7,,,"  • מתברר שהחנק בעזה בחוסר הדלק והמזון, הביא למצב של כמעט כניעה, אבל ראשי החמאס, איימו על חבריהם שאם הם ייכנעו, הם יערפו את הראשים של בני משפחותיהם. 
  • מה קורה בישראל? שוב יש קולות ממחנה ""השלום"", שראינו מאוסלו דרך הגירוש ב2005 ועד ה7.10, כמה קורבנות זה הביא, שיוצאים נגד תוכנית טראמפ.
  • ","  • לא לפני ש""מודים"" לביידן ולשאר מדינות העולם שכפו על מדינת ישראל להכניס סיוע הומניטרי. ככה זה כאשר רואים את העזתים עדיין כבני אדם, העולם המערבי פשוט לא מבין ערבית כלל.
  • מי שכן הבין את משמעות הסיוע וניסה למנוע אותו, היו חברי ארגון ""צו 9"". המטרה המוצהרת שלהם הייתה למנוע את הגעת הסיוע ההומניטרי לעזה, בטענה שהוא משמש לחיזוק חמאס ומעודד את הפעילות הטרוריסטית שלהם. הם טוענים כי הסיוע אינו מגיע לפלסטינים האזרחים אלא לידי מבנה הטרור של חמאס. אבל מייסדי הארגון נתקלו בסנקציות מהממשל האמריקני בשל פעילותם, שנתפסה כמנוגדת למדיניות ארה""ב בנוגע לסיוע הומניטרי וזכויות אדם. ככה בעצם מדינת ישראל איבדה עוד מנוף לחץ חשוב ""בזכות"" ממשל ביידן. 
  • כעת יש סיבה לאופטימיות, כי יש מנהיג חדש- ישן שמבין טוב מאוד מה יש בעזה. 
  • האמת הם צודקים, הטראמפ-ספר זאת הטבה לעזתים לתת להם להגר. צריך לכתחילה היה להשמיד אותם כליל. האג יאשימו אותנו ברצח עם? זה בסדר! גם על פחות מזה האשימו אותנו. "
התפטרות לא תחפה: העסקה המופקרת חתומה גם על סמוטריץ' ובן גביר,Ultra-Nationalism,סרוגים,,לא רלוונטי לפרט-וכלל,,
אחת ולתמיד: האם ניצחנו או הפסדנו בעזה?,Ultra-Nationalism,סרוגים,,,"  • לפי הפרטים המתפרסמים כעת, המצב נורא. מצד אחד, העסקה לא כוללת את כלל החטופים והיא כרוכה בסלקציה בין יהודי ליהודי, וגם יש בה נטישה של חיילים שמסרו נפשם להגן על המדינה והיא מצידה משאירה אותם מאחור, מצד שני, למעלה מאלף מחבלים ישוחררו, צה""ל יסוג ממקומות משמעותיים ובעצם חמאס יחזור לשלוט בעזה.
  • זה נכון שצריך לשחרר חטופים בכל מחיר – אבל בכל מחיר שהאויב משלם ולא אנחנו.
  • מדינת ישראל הפקירה בעסקה זו את חייהם של אלפי חיילים שיצטרכו לשוב ולהילחם מול ארגון שיתחמש ויתאושש מחדש, היא הפקירה את חייהם של כלל תושבי עוטף עזה שיאלצו לחיות בשכנות עם נאצים שינסו לחזור ולטבוח בהם, והיא הפקירה גם את תושבי יהודה ושומרון ויישובי קו התפר כי כעת גם הנאצים מיהודה ושומרון יקבלו יותר מוטיבציה לפגוע בנו.
  • גם אם אין בכוחנו לעצור את העסקה ואת הכניעה, לפחות נתריע ונמחה. בטח שלא נחזור להאמין לכל הבטחות ""המומחים"" לבטחון שיאמרו לנו שהפעם נשמור על הגבולות כמו שצריך, הפעם צה""ל ידע להתמודד עם המצב ואם העזתים רק יעזו לשלוח עוד פגז אחד אנחנו נכה בהם בעוצמה.
  • שוב ושוב בתקשורת הישראלית בזים ומזלזלים בכל המתנחלים או הדתיים או הרבנים שמתריעים על הסכנה ולא מוכנים להסתנוור מהבטחות השקר, ללכת אחר דמיונות כוזבים, ולתת לרגש העכשווי לנהל להם את הדעת. שוב ממאנים להקשיב לאלו שהוכיחו פעם אחר פעם שהם צודקים.
  • ","  • לצערנו הרב, ממשלת ישראל חתמה הסכם נורא עם השטן מעזה ועם הנאצים מהחמאס.
  • העסקה הזו היא עסקה של מפסידים ולא של מנצחים. 
  • כאשר שוחרר גלעד שליט המדינה התמלאה בקולות שמחה וצהלה. אבל לאחר זמן, קולות אלו התהפכו לקולות של בכי ונהי על מאות יהודים שנרצחו ומאות חיילים שנפלו, על ידי משוחררי העסקה הזו. שחרור אדם אחד במחיר חייהם של מאות נרצחים הוא מעשה לא הגיוני ולא מוסרי.
  • קולות [של צהלה ושמחה לרגל חזרתם של החטופים] אלו ייהפכו בשנים הקרובות לקולות של בכי וצער על מאות ואלפי יהודים שישחטו, ירצחו, יאנסו וישרפו – במחנות ההשמדה שהנאצים יחזרו לבנות בעזה.
  • שנית, אנו כעת בזמן משבר לאומי. זה לא זמן להאשמות הדדיות. כולנו יחד נשלם את המחיר הכואב של העסקה הזו, בדיוק כמו שכולנו שילמנו את מחיר הטבח של שמחת תורה. הנאצים מעזה ומיו""ש מעולם לא הבחינו בין יהודי כזה לאחר. את כולנו הם רוצים להשמיד.
  • גם החולשה היא לאומית כי כל ישראל ערבים זה לזה. נכון שאפשר להצביע על אנשים וגופים שלקחו לעצמם משימה להחליש את רוח העם בשנה האחרונה, אבל הם לא היו מצליחים לולי שבאמת הייתה חולשה בהנהגה וגם באומה כולה. 
  • תפקידם של אנשי רוח ואמונה, ושל גיבורים לאומיים בעת הזו – הוא לרומם את רוח העם מכאן והלאה.
  • כבר מעתה להערך למלחמה הבאה ולבוא אליה יותר מוכנים. לא רק מבחינה צבאית אלא בעיקר מבחינה תודעתית. כבר ממחר צריך לפעול בכל הדרכים: להעצים את הזהות היהודית במדינה, לחזק את הקשרים שבין הציונות ליהדות, לברר לעצמנו את מעלתו של עם ישראל ותפקידו, וכיתרון האור מהחושך, ללמוד היטב את הלך רוחם של אויבנו המרים"
עסקת בלהות,Ultra-Nationalism,ערוץ 7,,,"  • מכל הדיונים על עסקת השבויים, מהבעד וגם מהנגד, אני מתרשם שהרבה אנשים לא מבינים את חומרת האירוע. זו לא עסקת שליט, שהיתה עסקה רעה אבל נקודתית. זה הפסד מוחלט במלחמה. הרבה יותר גרוע ממלחמת יום הכיפורים, שאמנם הופתענו בה והוכינו קשות, אך סיימנו אותה בניצחון ברור ומוחץ.
  • נשגב מבינתי איך אפשר לתמוך בהסכם בכל מיני טענות, שבחלקן יש אפילו היגיון כשלעצמן. אם השורה התחתונה היא סכנה קיומית למדינה, איזה שיקול אפשר להעמיד מול זה? שחרור חטופים הוא דבר חשוב מאין כמוהו, אבל זה שיקול שאסור לתת לו מקום כשמדובר בקיום המדינה. 
  • חיי החיילים חשובים לא פחות מחיי החטופים, והם מסכנים אותם בדיוק בשביל המטרה הזו – קיום המדינה. כל הטענות על 'החוזה של המדינה כלפי החטופים', על 'החוב המוסרי', על 'ריפוי החברה הישראלית', 'חולה שנמצא לפנינו' וכו' הן חסרות כל ערך שהוא, כשמשמעותן היא ויתור דה-פקטו על יכולתה של מדינת ישראל להתקיים.","  • כאן יש אויב אכזר שעשה מה ששום אויב לא עשה – כבש יישובים וערים וביצע טבח תרפ""ט כפול חמש עשרה ויותר. האויב הזה ידע את כוחו של צה""ל, וידע שיחטוף מכה קשה, ייהרגו לו הרבה אנשים, חלק מעזה יוחרב וכו'. 
  • החשש היחיד של האויב היה מפני מיטוט שלטונו, ושלטון מחודש של ישראל ברצועת עזה. אבל לזה היה לו קלף מנצח – חטופים. ברגע שיהיו בידיו חטופים, הוא יוכל ברגע שיחליט לסגור עסקה שתיתן לו כל מה שהוא רוצה.
  • מעבר למציאות הנוראה של שחרור רוצחים מתועבים, של חילול השם והביזיון האיום, יש כאן איום קיומי על המדינה, שהוא אפילו לא עתידי, אלא קיים כבר בהווה. כי חמאס השאיר בידיו חטופים, שעכשיו הוא יודע בוודאות שהם הנשק שבעזרתו הוא חסין מהשמדה. שלטון חמאס לנצח.
  • תוך שנה-שנתיים הרצועה תשוקם לגמרי, בסיוע אירופי (ואמריקאי?) נדיב, ובבתי הספר ילמדו על הניצחון הגדול, ועל השאהיד סינוואר שבזכותו הושג הניצחון הזה. תוך זמן קצר האויב ינסה שוב, ילמד מטעויות, והפעם יכבוש גם את אזור המרכז. שוב חטופים וכו', וכל הסיפור מחדש, אם בכלל המדינה תשרוד. 
  • "
סיפור ארבל יהוד: מה שישראל הייתה צריכה לעשות במלחמה ולא עשתה,Ultra-Nationalism,סרוגים,,לא רלוונטי לכלל-פרט,,
"לנו יש את דימונה, לחמאס יש נשק אסטרטגי משלהם - והם עושים בו שימוש",Ultra-Nationalism,ישראל היום,,,"  • בעתיד אנו עלולים לגלות מה מחירו של ויתור על ניצחון לטובת שחרור בני ערובה.","  • לישראל יש רגישות רבה לחטופים, וניסיון מר עם הדרכים שבהן ארגוני הטרור השתמשו ברגישות הזאת כדי לשחרר רוצחים משלהם. תמורת גלעד שליט שוחררו 1,027 מחבלים, מאות מהם אסירי עולם ואחד יחיא סינוואר. כאשר מביעים נכונות לשלם ""מחירים כבדים"" תמורת פדיון שבויים, כדאי לזכור שהמחיר יכול להיות יותר מ־1,000 נופלים ונרצחים ביום אחד ב־7 באוקטובר, יותר מ־200 חטופים (חלקם נרצחו בשבי חמאס), ועוד כ־400 חיילי צה""ל שנפלו ברצועת עזה מאז התמרון הקרקעי.
  • ארה""ב כפתה על ישראל את מה שנקרא ""סיוע הומניטרי"", ויכולתה של ישראל לעמוד במטרות המלחמה שהציבה לעצמה הוגבלה קשות. לא רק בידי האמריקנים ושאר העולם, שסולדים באופן מסורתי מניצחון ישראלי, אלא גם על ידי אבירי המוסר בפרקליטות הצבאית ובבג""ץ - שדלתותיו נפתחו לרווחה בפני ארגוני שמאל בינלאומיים. וגם על ידי לחץ פנימי עיקש ומתוקשר, כמו פעם, להפסיק את המלחמה תמורת שחרור חטופים.
  • לא עסקה תסכל את המוטיבציה של מפלצות חמאס, אלא ניצחון. וכיבוש. היהדות אכן מצווה על פדיון שבויים. היא מצווה גם על מחיית עמלק."
"מורשת נתניהו: האם ייזכר כמי שהשמיד את האויב, או כמי ששוב נכנע לו?",Ultra-Nationalism,מעריב,,,"  • עלילת הדם הצינית, הפוליטית והמכוערת שקנתה לה אחיזה בשיח התקשורתי בשנה האחרונה, לפיה החברה הישראלית מתחלקת לשניים: אלה שאכפת להם, ואלה שלא.
  • שוב יוזמת ממשלת ישראל צעדים שיש בהם פוטנציאל לפגוע בביטחונה. שוב יש מי שמזהירים ואף מנמקים היטב את אזהרותיהם.
  • שוב העיתונות והאגף הפוליטי שאיתו היא מזוהה מציגים את המתריעים בשער כמטורפים, כמשיחיים וכערלי לב.
  • אומר שוב, אפשר להחליט שחייבים לשלם את המחיר הכבד הזה - הקשה, הטומן בחובו סכנות גדולות, המבטיח עוד דם יהודי שיישפך - כדי להחזיר חטופים. אבל אי אפשר לא לעסוק בזה. 
  • ","  • רק בעלמא דשיקרא ובאולפנים שיש בהם מעט מאוד נציגים לציונות הדתית, אפשר לקחת את המגזר הזה – שהתגייס למערכה באחוזים גבוהים בהרבה מגודלו היחסי, שהתנדב למילואים באחוזים גבוהים בהרבה מגודלו היחסי, ושממלא את בתי העלמין הצבאיים באחוזים גבוהים בהרבה מגודלו היחסי, הכל בשליחותה של ערבות הדדית מופלאה - ולהציג אותו באופן חולני כמי שלא מתעניין בזולת.
  • אין בדברים הללו כוונה לנסות לשכנע נגד העסקה. יש בהם כוונה להרים דגל מול עיתונות סותמת פיות שמסיבות לא ענייניות מסרבת לדון בנורות האדומות המהבהבות מולה בעוצמה, ומעדיפה לבוז למי שמצביעים עליהן.
  • האזהרות מפני אסונות מדיניים וביטחוניים, אל הפרקטיקה התקשורתית לבוז להם, ואל המחיר ששילמנו כולנו על זה. 
  • מאות אלפי ישראלים התגייסו בהתלהבות, מוכנים למסור את נפשם למען המולדת, למען תושבי שדרות ונחל עוז ולמען החטופים, אבל בקצה השני, צה""ל וממשלת ישראל לא ידעו להפוך את זה לניצחון המוחלט.
  • ההתקפות על בצלאל סמוטריץ' - מעבר לכיעור שבניסיון להציג אותו ואת שאר המתנגדים לעסקה כמי שלא מתעניינים בגורלם של החטופים - די מדהימות נוכח הרקורד שלו ושל המחנה שלו בכל מה שקשור בתחזיות עבר מזה, והרקורד של התוקפים אותו מזה. הסמוטריצ'ים, שהוצגו בתקשורת כמכשול לשלום, היו אלה שצעקו שתהליך אוסלו ייגמר בדם, והוא נגמר בדם. הסמוטריצ'ים, שהוצגו בתקשורת כאנשים רעים, היו אלה שהזהירו שעסקת שליט תחזק את חמאס ותביא לרצח יהודים, והיא חיזקה את חמאס והביאה לרצח יהודים.
  • הסמוטריצ'ים, שהוצגו בתקשורת כחובבי מלחמה, היו אלה שהזהירו שההתנתקות תזמין עוד רצח וטרור, והיא הביאה עוד רצח וטרור. עיתונאים שתוקפים אותם גם היום בחמת זעם, לא הִכו מעולם על חטא על חלקם באסונות שאליהם דחפו את ממשלות ישראל.
  • כך כל הצמרת הביטחונית שלנו. איש מהם, מהרמטכ""לים, וראשי השב""כ, ועד לראש הממשלה נתניהו, לא הציעו להיכנס לרצועה ולנקות אותה מחמאס. מה שהם ידעו תמיד לעשות, אותם מובילי הקונספציה, זה ללעוג ליחידים שידעו לזהות נכונה את הסכנה.
  • חמאס איננו ארגון שיכול להחליט ביום שאחרי על מעבר לעיסוק בתחום האקלים וגזי החממה. השמדת ישראל זו תעודת הזהות שלו. אין לו משהו אחר להציע. האידיאולוגיה שלו לא תשתנה. ראינו את האנשים שלו, כולל ""הבלתי מעורבים"", חוגגים ברחובות את הרצח.
  • כמעט כל מי שמשתחרר מהכלא שלנו בעסקאות הללו, חוזר מיד לנסות לרצוח יהודים. 
  • ההסכם הזה, ועם התמונות מהשטח אי אפשר להתווכח, הזרים אוויר לריאותיו של ארגון הטרור. הוא יחזק את חמאס ברצועה, הוא יחזק את חמאס ביהודה ושומרון, הוא יחזק את חמאס בקרב אנשי ארגונים אחרים שאת רוצחיהם הצליח לשחרר.
  • עכשיו בואו נדבר על העסקה, ושימו בבקשה בצד את השאלה אם אתם תומכים בה, אם לאו. למה? כי גם מי שתומך בעסקה הזאת בכל לבו, אסור לו לעצום את עיניו נוכח בעיותיה וסכנותיה. ומכיוון שכל השיח העיתונאי הוא שיח של תעמולה, הדיון החשוב הזה לא מתנהל כמעט בשום מקום. כלי התקשורת, שהיו עסוקים במשך למעלה משנה בקמפיין ה""בכל מחיר"", מתעקשים גם כעת להקדיש כמה שפחות זמן, אם אפשר בשולי המהדורה, למחיר הזה.
  • "
המופע הברברי של חמאס הזכיר לכולנו עם מי יש לנו עסק,Ultra-Nationalism,וואלה,,,,"  • ברוח השמחה על השבת החטופות והחטופים הביתה, כמעט שכחנו מי הם אויבינו. כלומר - הבטנו בהם בשאט נפש כשהם חוגגים את פדיון הרוצחים שפוצצו אוטובוסים על נוסעיהם ובתי קפה על יושביהם, אבל ראינו גם את הפליטים השבים לצפון הרצועה, בהם ילדים רבים - ולרגע טעינו לחשוב לרגע שמדובר באוכלוסייה אזרחית תמימה שנקלעה, שלא בטובתה, לקו האש.
  • אנחנו כבר מכירים את הריטואל: עוד מעט ידובר על שיקום עזה, עוד מעט ידברו שוב על פליטים, עוד מעט יצוצו כל אלה שיגידו ש""לא כולם חמאס"". ואם תעמוד הנהגה מתונה-לכאורה יותר בראשם של העזתים, הרי שבמהירה ימצאו גם מי שידברו גם על חידוש התהליך המדיני בואכה ""שלום"".
  • שלא יובן לא נכון: זהו בשום אופן לא טיעון בעד עצירת העסקה לפני שחרור כלל החטופים, להפך - זה רק מראה את פני הסיוט שעובר על כל הנותרים שם. סיוט שיש לנו חובה מוסרית עליונה להפסיק.
  • אבל ביום שישובו, להתחיל לספור לאחור ולחפש צידוק שיאפשר את השלמת אחת משתי המטרות של המלחמה: מיטוט חמאס, לא כארגון שהשתלט על אוכלוסייה אזרחית תמימה, אלא ארגון שצמח ממנה ומשקף נאמנה את פניה.
  • עד אז נברך על ההבדלים בין מי שחוגגים את החיים לחוגגים את המוות, נזכור שהמראות הקשים הם תשלום כמעט-אחרון תמורת מחדל 7 באוקטובר ונקווה שההזדמנות ליישב את החשבון, שעדיין פתוח, תזדמן לנו במהירה, חרף האיפוק הזמני שנגזר עלינו מתוקף ההסכם
  • "
"כל כך מהר שכחנו? עם נאצים עושים מלחמה, לא עסקה",Ultra-Nationalism,ישראל היום,,קצת רלוונטי לכלל-פרט,"  • , אומה חפצת חיים חייבת להילחם כדי לשחרר את חטופיה. הדרכים הדיפלומטיות נידונו לכישלון, ממש כמו המו""מ עם גרמניה הנאצית. חמאס לעולם ישאיר אצלו חטופים, וברגע שיוכל - יבריחם אל מחוץ לרצועה.
  • ","  • הישארות החטופים בידיו היא גם הנקמה הגדולה של הנאצים החדשים בנו. כך יעודדו בתוכנו את הקיטוב, את ההפגנות ואת ההאשמות הנוראות, כאילו מישהו בישראל לא מעוניין בשחרור החטופים.
  • המערב, בעיוורונו, יתנדב לתרום מיליארדים רבים להקמתה מחדש של ממלכת הרשע על גבולנו הדרומי. וכל זה, תחת התנאי העליון שאין בלתו - המשך שלטון חמאס ברצועה.
  • "
קול דמי חיילינו זועק מן האדמה,Ultra-Nationalism,ערוץ 7,,,"- ההיסטוריה תזכור את עקירת משמעות מותם של חיילינו בעסקת הכניעה הפושעת בתולדותינו בה ישראל נחלה מפלה צורבת במלחמת התקומה השניה. בן גוריון מקיא בקברו.
  • ","- מי לכל הרוחות מנהל בשמנו משא ומתן פושע על דמי גיבורינו שמסרו את נפשם, ועל גבם של חיילינו ועתידנו? מי נכנע בשם העם לא-סימטריה ברשימות?
- קול דמי חיילינו זועק מן האדמה ליצוק משמעות למותם, לכבוש את עזה, למחוק את זכרם של חמאס וצאצאיהם ולהבטיח עתיד של שלום בגבולנו הדרומי ל500 שנה. זהו הנצחון האמיתי ואין בלתו!
- אנחנו מנרמלים עסקאות כניעה עם השטן ואת מות חיילינו הגיבורים שחירפו את נפשם לגרש את הרוע ולהציל את הטוב למען כל העולם
  • ולכן אדוני הנשיא אנחנו מזמינים אותך לחשב מסלול מחדש- לא לכפות עסקה פושעת על ישראל אלא עסקת צדק עם זכרם של חיילינו האהובים, הגיבורים והנאצלים, שמסרו את נפשם להציל את עתיד המערב. אתם- ארה""ב חבים להם-לנו את חייכם."
אבל אשמים אנחנו,Ultra-Nationalism,ערוץ 7,,,"  • כבר חודשים אנחנו זועקים נגד עסקת הדמים הנוראית הזו. כבר חודשים ברור לנו שעסקה ""בכל מחיר"" היא עסקה מזעזעת ומסוכנת. לי ולחבריי היה ברור מהרגע הראשון שהעסקה הזו תהיה עסקת דמים נוראית, שתסכן את ביטחון ישראל ותקרע את החברה הישראלית.
  • אבל הציבור הימני התמכר לקמפיין החטופים של השמאל, כמו שהציבור הישראלי כולו התמכר לשקט.
  • אני שואל כל אחד, אם היתה ניתנת לו האפשרות לחזר ל-2011, ערב אישור עסקת שליט, האם בדיעבד לא היה נכון להפיל את הממשלה ולעצור את העסקה המזעזעת שהביאה עלינו את טבח 7.10?! 
  • היום ברור שמחיר הדמים הנוראי הזה מתאפשר בזכות אותו קמפיין מופקר שזעק במשך שנה וחצי ""עסקה בכל מחיר"" לצד קריאות ""עכשיו, עכשיו, עכשיו"". אבל הלחץ האדיר הזה, שגובה בקמפיין בעלות מאות מיליוני שקלים ומשרדי פרסום שכבשו את המדינה, לא נענה באף תגובת נגד.
  • נכשלנו בעצירת הנסיגה מסיני, נכשלנו בקמפיין לעצירת אוסלו, נכשלנו בגוש קטיף, בבריחה מלבנון, בעסקת שליט, נכשלנו ברפורמה וכעת נכשלנו שוב בניסיון למנוע עסקת דמים, ששוב מי שישלם את מחירה יהיו אזרחים תמימים.
  • ","  • רבים שואלים את עצמם איך הגענו למצב הנוראי הזה, בו מדינת ישראל מוכנה לשלם מחיר הזוי ובלתי נתפס שכזה עבור חלק קטן מאד מהחטופים, בעוד שעל פי תקדימי העבר הלא רחוק אותם מחבלים ישובו לרצוח יהודים ולעסוק בטרור.
  • המשפחות השכולות הגיבורות של פורום גבורה ומשפחות החטופים הגיבורות של פורום תקווה, קראו לציבור הימני להגיע לירושלים למחאות נגד העסקה המסוכנת, אבל רק אלפים בודדים נקראו למחאה. 
  • "